c;k;9;10;11;12;13;14;15;16;17;18;19;20;21;22;23;24;25;26;27
5;0;107.0;235.0;507.0;1083.0;2299.0;4859.0;10235.0;21499.0;45051.0;94203.0;196603.0;409595.0;851963.0;1769467.0;3670011.0;7602171.0;15728635.0;32505851.0;67108859.0
5;1;115.0;251.0;539.0;1147.0;2427.0;5115.0;10747.0;22523.0;47099.0;98299.0;204795.0;425979.0;884731.0;1835003.0;3801083.0;7864315.0;16252923.0;33554427.0;69206011.0
5;2;123.0;267.0;571.0;1211.0;2555.0;5371.0;11259.0;23547.0;49147.0;102395.0;212987.0;442363.0;917499.0;1900539.0;3932155.0;8126459.0;16777211.0;34603003.0;71303163.0
5;3;131.0;283.0;603.0;1275.0;2683.0;5627.0;11771.0;24571.0;51195.0;106491.0;221179.0;458747.0;950267.0;1966075.0;4063227.0;8388603.0;17301499.0;35651579.0;73400315.0
5;4;139.0;299.0;635.0;1339.0;2811.0;5883.0;12283.0;25595.0;53243.0;110587.0;229371.0;475131.0;983035.0;2031611.0;4194299.0;8650747.0;17825787.0;36700155.0;75497467.0
5;5;154.0;315.0;667.0;1403.0;2939.0;6139.0;12795.0;26619.0;55291.0;114683.0;237563.0;491515.0;1015803.0;2097147.0;4325371.0;8912891.0;18350075.0;37748731.0;77594619.0
5;6;169.0;346.0;699.0;1467.0;3067.0;6395.0;13307.0;27643.0;57339.0;118779.0;245755.0;507899.0;1048571.0;2162683.0;4456443.0;9175035.0;18874363.0;38797307.0;79691771.0
5;7;184.0;377.0;762.0;1531.0;3195.0;6651.0;13819.0;28667.0;59387.0;122875.0;253947.0;524283.0;1081339.0;2228219.0;4587515.0;9437179.0;19398651.0;39845883.0;81788923.0
5;8;199.0;408.0;825.0;1658.0;3323.0;6907.0;14331.0;29691.0;61435.0;126971.0;262139.0;540667.0;1114107.0;2293755.0;4718587.0;9699323.0;19922939.0;40894459.0;83886075.0
5;9;;439.0;888.0;1785.0;3578.0;7163.0;14843.0;30715.0;63483.0;131067.0;270331.0;557051.0;1146875.0;2359291.0;4849659.0;9961467.0;20447227.0;41943035.0;85983227.0
5;10;;;951.0;1912.0;3833.0;7674.0;15355.0;31739.0;65531.0;135163.0;278523.0;573435.0;1179643.0;2424827.0;4980731.0;10223611.0;20971515.0;42991611.0;88080379.0
5;11;;;;2039.0;4088.0;8185.0;16378.0;32763.0;67579.0;139259.0;286715.0;589819.0;1212411.0;2490363.0;5111803.0;10485755.0;21495803.0;44040187.0;90177531.0
5;12;;;;;4343.0;8696.0;17401.0;34810.0;69627.0;143355.0;294907.0;606203.0;1245179.0;2555899.0;5242875.0;10747899.0;22020091.0;45088763.0;92274683.0
5;13;;;;;;9207.0;18424.0;36857.0;73722.0;147451.0;303099.0;622587.0;1277947.0;2621435.0;5373947.0;11010043.0;22544379.0;46137339.0;94371835.0
5;14;;;;;;;19447.0;38904.0;77817.0;155642.0;311291.0;638971.0;1310715.0;2686971.0;5505019.0;11272187.0;23068667.0;47185915.0;96468987.0
5;15;;;;;;;;40951.0;81912.0;163833.0;327674.0;655355.0;1343483.0;2752507.0;5636091.0;11534331.0;23592955.0;48234491.0;98566139.0
5;16;;;;;;;;;86007.0;172024.0;344057.0;688122.0;1376251.0;2818043.0;5767163.0;11796475.0;24117243.0;49283067.0;100663291.0
5;17;;;;;;;;;;180215.0;360440.0;720889.0;1441786.0;2883579.0;5898235.0;12058619.0;24641531.0;50331643.0;102760443.0
5;18;;;;;;;;;;;376823.0;753656.0;1507321.0;3014650.0;6029307.0;12320763.0;25165819.0;51380219.0;104857595.0
5;19;;;;;;;;;;;;786423.0;1572856.0;3145721.0;6291450.0;12582907.0;25690107.0;52428795.0;106954747.0
5;20;;;;;;;;;;;;;1638391.0;3276792.0;6553593.0;13107194.0;26214395.0;53477371.0;109051899.0
5;21;;;;;;;;;;;;;;3407863.0;6815736.0;13631481.0;27262970.0;54525947.0;111149051.0
5;22;;;;;;;;;;;;;;;7077879.0;14155768.0;28311545.0;56623098.0;113246203.0
5;23;;;;;;;;;;;;;;;;14680055.0;29360120.0;58720249.0;117440506.0
5;24;;;;;;;;;;;;;;;;;30408695.0;60817400.0;121634809.0
5;25;;;;;;;;;;;;;;;;;;62914551.0;125829112.0
5;26;;;;;;;;;;;;;;;;;;;130023415.0
6;0;54.0;122.0;266.0;570.0;1210.0;2554.0;5370.0;11258.0;23546.0;49146.0;102394.0;212986.0;442362.0;917498.0;1900538.0;3932154.0;8126458.0;16777210.0;34603002.0
6;1;58.0;130.0;282.0;602.0;1274.0;2682.0;5626.0;11770.0;24570.0;51194.0;106490.0;221178.0;458746.0;950266.0;1966074.0;4063226.0;8388602.0;17301498.0;35651578.0
6;2;62.0;138.0;298.0;634.0;1338.0;2810.0;5882.0;12282.0;25594.0;53242.0;110586.0;229370.0;475130.0;983034.0;2031610.0;4194298.0;8650746.0;17825786.0;36700154.0
6;3;66.0;146.0;314.0;666.0;1402.0;2938.0;6138.0;12794.0;26618.0;55290.0;114682.0;237562.0;491514.0;1015802.0;2097146.0;4325370.0;8912890.0;18350074.0;37748730.0
6;4;73.0;154.0;330.0;698.0;1466.0;3066.0;6394.0;13306.0;27642.0;57338.0;118778.0;245754.0;507898.0;1048570.0;2162682.0;4456442.0;9175034.0;18874362.0;38797306.0
6;5;80.0;169.0;346.0;730.0;1530.0;3194.0;6650.0;13818.0;28666.0;59386.0;122874.0;253946.0;524282.0;1081338.0;2228218.0;4587514.0;9437178.0;19398650.0;39845882.0
6;6;87.0;184.0;377.0;762.0;1594.0;3322.0;6906.0;14330.0;29690.0;61434.0;126970.0;262138.0;540666.0;1114106.0;2293754.0;4718586.0;9699322.0;19922938.0;40894458.0
6;7;94.0;199.0;408.0;825.0;1658.0;3450.0;7162.0;14842.0;30714.0;63482.0;131066.0;270330.0;557050.0;1146874.0;2359290.0;4849658.0;9961466.0;20447226.0;41943034.0
6;8;101.0;214.0;439.0;888.0;1785.0;3578.0;7418.0;15354.0;31738.0;65530.0;135162.0;278522.0;573434.0;1179642.0;2424826.0;4980730.0;10223610.0;20971514.0;42991610.0
6;9;;229.0;470.0;951.0;1912.0;3833.0;7674.0;15866.0;32762.0;67578.0;139258.0;286714.0;589818.0;1212410.0;2490362.0;5111802.0;10485754.0;21495802.0;44040186.0
6;10;;;501.0;1014.0;2039.0;4088.0;8185.0;16378.0;33786.0;69626.0;143354.0;294906.0;606202.0;1245178.0;2555898.0;5242874.0;10747898.0;22020090.0;45088762.0
6;11;;;;1077.0;2166.0;4343.0;8696.0;17401.0;34810.0;71674.0;147450.0;303098.0;622586.0;1277946.0;2621434.0;5373946.0;11010042.0;22544378.0;46137338.0
6;12;;;;;2293.0;4598.0;9207.0;18424.0;36857.0;73722.0;151546.0;311290.0;638970.0;1310714.0;2686970.0;5505018.0;11272186.0;23068666.0;47185914.0
6;13;;;;;;4853.0;9718.0;19447.0;38904.0;77817.0;155642.0;319482.0;655354.0;1343482.0;2752506.0;5636090.0;11534330.0;23592954.0;48234490.0
6;14;;;;;;;10229.0;20470.0;40951.0;81912.0;163833.0;327674.0;671738.0;1376250.0;2818042.0;5767162.0;11796474.0;24117242.0;49283066.0
6;15;;;;;;;;21493.0;42998.0;86007.0;172024.0;344057.0;688122.0;1409018.0;2883578.0;5898234.0;12058618.0;24641530.0;50331642.0
6;16;;;;;;;;;45045.0;90102.0;180215.0;360440.0;720889.0;1441786.0;2949114.0;6029306.0;12320762.0;25165818.0;51380218.0
6;17;;;;;;;;;;94197.0;188406.0;376823.0;753656.0;1507321.0;3014650.0;6160378.0;12582906.0;25690106.0;52428794.0
6;18;;;;;;;;;;;196597.0;393206.0;786423.0;1572856.0;3145721.0;6291450.0;12845050.0;26214394.0;53477370.0
6;19;;;;;;;;;;;;409589.0;819190.0;1638391.0;3276792.0;6553593.0;13107194.0;26738682.0;54525946.0
6;20;;;;;;;;;;;;;851957.0;1703926.0;3407863.0;6815736.0;13631481.0;27262970.0;55574522.0
6;21;;;;;;;;;;;;;;1769461.0;3538934.0;7077879.0;14155768.0;28311545.0;56623098.0
6;22;;;;;;;;;;;;;;;3670005.0;7340022.0;14680055.0;29360120.0;58720249.0
6;23;;;;;;;;;;;;;;;;7602165.0;15204342.0;30408695.0;60817400.0
6;24;;;;;;;;;;;;;;;;;15728629.0;31457270.0;62914551.0
6;25;;;;;;;;;;;;;;;;;;32505845.0;65011702.0
6;26;;;;;;;;;;;;;;;;;;;67108853.0
7;0;25.0;61.0;137.0;297.0;633.0;1337.0;2809.0;5881.0;12281.0;25593.0;53241.0;110585.0;229369.0;475129.0;983033.0;2031609.0;4194297.0;8650745.0;17825785.0
7;1;27.0;65.0;145.0;313.0;665.0;1401.0;2937.0;6137.0;12793.0;26617.0;55289.0;114681.0;237561.0;491513.0;1015801.0;2097145.0;4325369.0;8912889.0;18350073.0
7;2;29.0;69.0;153.0;329.0;697.0;1465.0;3065.0;6393.0;13305.0;27641.0;57337.0;118777.0;245753.0;507897.0;1048569.0;2162681.0;4456441.0;9175033.0;18874361.0
7;3;32.0;73.0;161.0;345.0;729.0;1529.0;3193.0;6649.0;13817.0;28665.0;59385.0;122873.0;253945.0;524281.0;1081337.0;2228217.0;4587513.0;9437177.0;19398649.0
7;4;35.0;80.0;169.0;361.0;761.0;1593.0;3321.0;6905.0;14329.0;29689.0;61433.0;126969.0;262137.0;540665.0;1114105.0;2293753.0;4718585.0;9699321.0;19922937.0
7;5;38.0;87.0;184.0;377.0;793.0;1657.0;3449.0;7161.0;14841.0;30713.0;63481.0;131065.0;270329.0;557049.0;1146873.0;2359289.0;4849657.0;9961465.0;20447225.0
7;6;41.0;94.0;199.0;408.0;825.0;1721.0;3577.0;7417.0;15353.0;31737.0;65529.0;135161.0;278521.0;573433.0;1179641.0;2424825.0;4980729.0;10223609.0;20971513.0
7;7;44.0;101.0;214.0;439.0;888.0;1785.0;3705.0;7673.0;15865.0;32761.0;67577.0;139257.0;286713.0;589817.0;1212409.0;2490361.0;5111801.0;10485753.0;21495801.0
7;8;47.0;108.0;229.0;470.0;951.0;1912.0;3833.0;7929.0;16377.0;33785.0;69625.0;143353.0;294905.0;606201.0;1245177.0;2555897.0;5242873.0;10747897.0;22020089.0
7;9;;115.0;244.0;501.0;1014.0;2039.0;4088.0;8185.0;16889.0;34809.0;71673.0;147449.0;303097.0;622585.0;1277945.0;2621433.0;5373945.0;11010041.0;22544377.0
7;10;;;259.0;532.0;1077.0;2166.0;4343.0;8696.0;17401.0;35833.0;73721.0;151545.0;311289.0;638969.0;1310713.0;2686969.0;5505017.0;11272185.0;23068665.0
7;11;;;;563.0;1140.0;2293.0;4598.0;9207.0;18424.0;36857.0;75769.0;155641.0;319481.0;655353.0;1343481.0;2752505.0;5636089.0;11534329.0;23592953.0
7;12;;;;;1203.0;2420.0;4853.0;9718.0;19447.0;38904.0;77817.0;159737.0;327673.0;671737.0;1376249.0;2818041.0;5767161.0;11796473.0;24117241.0
7;13;;;;;;2547.0;5108.0;10229.0;20470.0;40951.0;81912.0;163833.0;335865.0;688121.0;1409017.0;2883577.0;5898233.0;12058617.0;24641529.0
7;14;;;;;;;5363.0;10740.0;21493.0;42998.0;86007.0;172024.0;344057.0;704505.0;1441785.0;2949113.0;6029305.0;12320761.0;25165817.0
7;15;;;;;;;;11251.0;22516.0;45045.0;90102.0;180215.0;360440.0;720889.0;1474553.0;3014649.0;6160377.0;12582905.0;25690105.0
7;16;;;;;;;;;23539.0;47092.0;94197.0;188406.0;376823.0;753656.0;1507321.0;3080185.0;6291449.0;12845049.0;26214393.0
7;17;;;;;;;;;;49139.0;98292.0;196597.0;393206.0;786423.0;1572856.0;3145721.0;6422521.0;13107193.0;26738681.0
7;18;;;;;;;;;;;102387.0;204788.0;409589.0;819190.0;1638391.0;3276792.0;6553593.0;13369337.0;27262969.0
7;19;;;;;;;;;;;;212979.0;425972.0;851957.0;1703926.0;3407863.0;6815736.0;13631481.0;27787257.0
7;20;;;;;;;;;;;;;442355.0;884724.0;1769461.0;3538934.0;7077879.0;14155768.0;28311545.0
7;21;;;;;;;;;;;;;;917491.0;1834996.0;3670005.0;7340022.0;14680055.0;29360120.0
7;22;;;;;;;;;;;;;;;1900531.0;3801076.0;7602165.0;15204342.0;30408695.0
7;23;;;;;;;;;;;;;;;;3932147.0;7864308.0;15728629.0;31457270.0
7;24;;;;;;;;;;;;;;;;;8126451.0;16252916.0;32505845.0
7;25;;;;;;;;;;;;;;;;;;16777203.0;33554420.0
7;26;;;;;;;;;;;;;;;;;;;34602995.0
8;0;9.0;28.0;68.0;152.0;328.0;696.0;1464.0;3064.0;6392.0;13304.0;27640.0;57336.0;118776.0;245752.0;507896.0;1048568.0;2162680.0;4456440.0;9175032.0
8;1;10.0;30.0;72.0;160.0;344.0;728.0;1528.0;3192.0;6648.0;13816.0;28664.0;59384.0;122872.0;253944.0;524280.0;1081336.0;2228216.0;4587512.0;9437176.0
8;2;11.0;32.0;76.0;168.0;360.0;760.0;1592.0;3320.0;6904.0;14328.0;29688.0;61432.0;126968.0;262136.0;540664.0;1114104.0;2293752.0;4718584.0;9699320.0
8;3;12.0;35.0;80.0;176.0;376.0;792.0;1656.0;3448.0;7160.0;14840.0;30712.0;63480.0;131064.0;270328.0;557048.0;1146872.0;2359288.0;4849656.0;9961464.0
8;4;13.0;38.0;87.0;184.0;392.0;824.0;1720.0;3576.0;7416.0;15352.0;31736.0;65528.0;135160.0;278520.0;573432.0;1179640.0;2424824.0;4980728.0;10223608.0
8;5;14.0;41.0;94.0;199.0;408.0;856.0;1784.0;3704.0;7672.0;15864.0;32760.0;67576.0;139256.0;286712.0;589816.0;1212408.0;2490360.0;5111800.0;10485752.0
8;6;15.0;44.0;101.0;214.0;439.0;888.0;1848.0;3832.0;7928.0;16376.0;33784.0;69624.0;143352.0;294904.0;606200.0;1245176.0;2555896.0;5242872.0;10747896.0
8;7;16.0;47.0;108.0;229.0;470.0;951.0;1912.0;3960.0;8184.0;16888.0;34808.0;71672.0;147448.0;303096.0;622584.0;1277944.0;2621432.0;5373944.0;11010040.0
8;8;17.0;50.0;115.0;244.0;501.0;1014.0;2039.0;4088.0;8440.0;17400.0;35832.0;73720.0;151544.0;311288.0;638968.0;1310712.0;2686968.0;5505016.0;11272184.0
8;9;;53.0;122.0;259.0;532.0;1077.0;2166.0;4343.0;8696.0;17912.0;36856.0;75768.0;155640.0;319480.0;655352.0;1343480.0;2752504.0;5636088.0;11534328.0
8;10;;;129.0;274.0;563.0;1140.0;2293.0;4598.0;9207.0;18424.0;37880.0;77816.0;159736.0;327672.0;671736.0;1376248.0;2818040.0;5767160.0;11796472.0
8;11;;;;289.0;594.0;1203.0;2420.0;4853.0;9718.0;19447.0;38904.0;79864.0;163832.0;335864.0;688120.0;1409016.0;2883576.0;5898232.0;12058616.0
8;12;;;;;625.0;1266.0;2547.0;5108.0;10229.0;20470.0;40951.0;81912.0;167928.0;344056.0;704504.0;1441784.0;2949112.0;6029304.0;12320760.0
8;13;;;;;;1329.0;2674.0;5363.0;10740.0;21493.0;42998.0;86007.0;172024.0;352248.0;720888.0;1474552.0;3014648.0;6160376.0;12582904.0
8;14;;;;;;;2801.0;5618.0;11251.0;22516.0;45045.0;90102.0;180215.0;360440.0;737272.0;1507320.0;3080184.0;6291448.0;12845048.0
8;15;;;;;;;;5873.0;11762.0;23539.0;47092.0;94197.0;188406.0;376823.0;753656.0;1540088.0;3145720.0;6422520.0;13107192.0
8;16;;;;;;;;;12273.0;24562.0;49139.0;98292.0;196597.0;393206.0;786423.0;1572856.0;3211256.0;6553592.0;13369336.0
8;17;;;;;;;;;;25585.0;51186.0;102387.0;204788.0;409589.0;819190.0;1638391.0;3276792.0;6684664.0;13631480.0
8;18;;;;;;;;;;;53233.0;106482.0;212979.0;425972.0;851957.0;1703926.0;3407863.0;6815736.0;13893624.0
8;19;;;;;;;;;;;;110577.0;221170.0;442355.0;884724.0;1769461.0;3538934.0;7077879.0;14155768.0
8;20;;;;;;;;;;;;;229361.0;458738.0;917491.0;1834996.0;3670005.0;7340022.0;14680055.0
8;21;;;;;;;;;;;;;;475121.0;950258.0;1900531.0;3801076.0;7602165.0;15204342.0
8;22;;;;;;;;;;;;;;;983025.0;1966066.0;3932147.0;7864308.0;15728629.0
8;23;;;;;;;;;;;;;;;;2031601.0;4063218.0;8126451.0;16252916.0
8;24;;;;;;;;;;;;;;;;;4194289.0;8388594.0;16777203.0
8;25;;;;;;;;;;;;;;;;;;8650737.0;17301490.0
8;26;;;;;;;;;;;;;;;;;;;17825777.0
9;0;0.0;10.0;31.0;75.0;167.0;359.0;759.0;1591.0;3319.0;6903.0;14327.0;29687.0;61431.0;126967.0;262135.0;540663.0;1114103.0;2293751.0;4718583.0
9;1;0.0;11.0;33.0;79.0;175.0;375.0;791.0;1655.0;3447.0;7159.0;14839.0;30711.0;63479.0;131063.0;270327.0;557047.0;1146871.0;2359287.0;4849655.0
9;2;0.0;12.0;35.0;83.0;183.0;391.0;823.0;1719.0;3575.0;7415.0;15351.0;31735.0;65527.0;135159.0;278519.0;573431.0;1179639.0;2424823.0;4980727.0
9;3;0.0;13.0;38.0;87.0;191.0;407.0;855.0;1783.0;3703.0;7671.0;15863.0;32759.0;67575.0;139255.0;286711.0;589815.0;1212407.0;2490359.0;5111799.0
9;4;0.0;14.0;41.0;94.0;199.0;423.0;887.0;1847.0;3831.0;7927.0;16375.0;33783.0;69623.0;143351.0;294903.0;606199.0;1245175.0;2555895.0;5242871.0
9;5;0.0;15.0;44.0;101.0;214.0;439.0;919.0;1911.0;3959.0;8183.0;16887.0;34807.0;71671.0;147447.0;303095.0;622583.0;1277943.0;2621431.0;5373943.0
9;6;0.0;16.0;47.0;108.0;229.0;470.0;951.0;1975.0;4087.0;8439.0;17399.0;35831.0;73719.0;151543.0;311287.0;638967.0;1310711.0;2686967.0;5505015.0
9;7;0.0;17.0;50.0;115.0;244.0;501.0;1014.0;2039.0;4215.0;8695.0;17911.0;36855.0;75767.0;155639.0;319479.0;655351.0;1343479.0;2752503.0;5636087.0
9;8;0.0;18.0;53.0;122.0;259.0;532.0;1077.0;2166.0;4343.0;8951.0;18423.0;37879.0;77815.0;159735.0;327671.0;671735.0;1376247.0;2818039.0;5767159.0
9;9;;19.0;56.0;129.0;274.0;563.0;1140.0;2293.0;4598.0;9207.0;18935.0;38903.0;79863.0;163831.0;335863.0;688119.0;1409015.0;2883575.0;5898231.0
9;10;;;59.0;136.0;289.0;594.0;1203.0;2420.0;4853.0;9718.0;19447.0;39927.0;81911.0;167927.0;344055.0;704503.0;1441783.0;2949111.0;6029303.0
9;11;;;;143.0;304.0;625.0;1266.0;2547.0;5108.0;10229.0;20470.0;40951.0;83959.0;172023.0;352247.0;720887.0;1474551.0;3014647.0;6160375.0
9;12;;;;;319.0;656.0;1329.0;2674.0;5363.0;10740.0;21493.0;42998.0;86007.0;176119.0;360439.0;737271.0;1507319.0;3080183.0;6291447.0
9;13;;;;;;687.0;1392.0;2801.0;5618.0;11251.0;22516.0;45045.0;90102.0;180215.0;368631.0;753655.0;1540087.0;3145719.0;6422519.0
9;14;;;;;;;1455.0;2928.0;5873.0;11762.0;23539.0;47092.0;94197.0;188406.0;376823.0;770039.0;1572855.0;3211255.0;6553591.0
9;15;;;;;;;;3055.0;6128.0;12273.0;24562.0;49139.0;98292.0;196597.0;393206.0;786423.0;1605623.0;3276791.0;6684663.0
9;16;;;;;;;;;6383.0;12784.0;25585.0;51186.0;102387.0;204788.0;409589.0;819190.0;1638391.0;3342327.0;6815735.0
9;17;;;;;;;;;;13295.0;26608.0;53233.0;106482.0;212979.0;425972.0;851957.0;1703926.0;3407863.0;6946807.0
9;18;;;;;;;;;;;27631.0;55280.0;110577.0;221170.0;442355.0;884724.0;1769461.0;3538934.0;7077879.0
9;19;;;;;;;;;;;;57327.0;114672.0;229361.0;458738.0;917491.0;1834996.0;3670005.0;7340022.0
9;20;;;;;;;;;;;;;118767.0;237552.0;475121.0;950258.0;1900531.0;3801076.0;7602165.0
9;21;;;;;;;;;;;;;;245743.0;491504.0;983025.0;1966066.0;3932147.0;7864308.0
9;22;;;;;;;;;;;;;;;507887.0;1015792.0;2031601.0;4063218.0;8126451.0
9;23;;;;;;;;;;;;;;;;1048559.0;2097136.0;4194289.0;8388594.0
9;24;;;;;;;;;;;;;;;;;2162671.0;4325360.0;8650737.0
9;25;;;;;;;;;;;;;;;;;;4456431.0;8912880.0
9;26;;;;;;;;;;;;;;;;;;;9175023.0
10;0;;0.0;11.0;34.0;82.0;182.0;390.0;822.0;1718.0;3574.0;7414.0;15350.0;31734.0;65526.0;135158.0;278518.0;573430.0;1179638.0;2424822.0
10;1;;0.0;12.0;36.0;86.0;190.0;406.0;854.0;1782.0;3702.0;7670.0;15862.0;32758.0;67574.0;139254.0;286710.0;589814.0;1212406.0;2490358.0
10;2;;0.0;13.0;38.0;90.0;198.0;422.0;886.0;1846.0;3830.0;7926.0;16374.0;33782.0;69622.0;143350.0;294902.0;606198.0;1245174.0;2555894.0
10;3;;0.0;14.0;41.0;94.0;206.0;438.0;918.0;1910.0;3958.0;8182.0;16886.0;34806.0;71670.0;147446.0;303094.0;622582.0;1277942.0;2621430.0
10;4;;0.0;15.0;44.0;101.0;214.0;454.0;950.0;1974.0;4086.0;8438.0;17398.0;35830.0;73718.0;151542.0;311286.0;638966.0;1310710.0;2686966.0
10;5;;0.0;16.0;47.0;108.0;229.0;470.0;982.0;2038.0;4214.0;8694.0;17910.0;36854.0;75766.0;155638.0;319478.0;655350.0;1343478.0;2752502.0
10;6;;0.0;17.0;50.0;115.0;244.0;501.0;1014.0;2102.0;4342.0;8950.0;18422.0;37878.0;77814.0;159734.0;327670.0;671734.0;1376246.0;2818038.0
10;7;;0.0;18.0;53.0;122.0;259.0;532.0;1077.0;2166.0;4470.0;9206.0;18934.0;38902.0;79862.0;163830.0;335862.0;688118.0;1409014.0;2883574.0
10;8;;0.0;19.0;56.0;129.0;274.0;563.0;1140.0;2293.0;4598.0;9462.0;19446.0;39926.0;81910.0;167926.0;344054.0;704502.0;1441782.0;2949110.0
10;9;;0.0;20.0;59.0;136.0;289.0;594.0;1203.0;2420.0;4853.0;9718.0;19958.0;40950.0;83958.0;172022.0;352246.0;720886.0;1474550.0;3014646.0
10;10;;;21.0;62.0;143.0;304.0;625.0;1266.0;2547.0;5108.0;10229.0;20470.0;41974.0;86006.0;176118.0;360438.0;737270.0;1507318.0;3080182.0
10;11;;;;65.0;150.0;319.0;656.0;1329.0;2674.0;5363.0;10740.0;21493.0;42998.0;88054.0;180214.0;368630.0;753654.0;1540086.0;3145718.0
10;12;;;;;157.0;334.0;687.0;1392.0;2801.0;5618.0;11251.0;22516.0;45045.0;90102.0;184310.0;376822.0;770038.0;1572854.0;3211254.0
10;13;;;;;;349.0;718.0;1455.0;2928.0;5873.0;11762.0;23539.0;47092.0;94197.0;188406.0;385014.0;786422.0;1605622.0;3276790.0
10;14;;;;;;;749.0;1518.0;3055.0;6128.0;12273.0;24562.0;49139.0;98292.0;196597.0;393206.0;802806.0;1638390.0;3342326.0
10;15;;;;;;;;1581.0;3182.0;6383.0;12784.0;25585.0;51186.0;102387.0;204788.0;409589.0;819190.0;1671158.0;3407862.0
10;16;;;;;;;;;3309.0;6638.0;13295.0;26608.0;53233.0;106482.0;212979.0;425972.0;851957.0;1703926.0;3473398.0
10;17;;;;;;;;;;6893.0;13806.0;27631.0;55280.0;110577.0;221170.0;442355.0;884724.0;1769461.0;3538934.0
10;18;;;;;;;;;;;14317.0;28654.0;57327.0;114672.0;229361.0;458738.0;917491.0;1834996.0;3670005.0
10;19;;;;;;;;;;;;29677.0;59374.0;118767.0;237552.0;475121.0;950258.0;1900531.0;3801076.0
10;20;;;;;;;;;;;;;61421.0;122862.0;245743.0;491504.0;983025.0;1966066.0;3932147.0
10;21;;;;;;;;;;;;;;126957.0;253934.0;507887.0;1015792.0;2031601.0;4063218.0
10;22;;;;;;;;;;;;;;;262125.0;524270.0;1048559.0;2097136.0;4194289.0
10;23;;;;;;;;;;;;;;;;540653.0;1081326.0;2162671.0;4325360.0
10;24;;;;;;;;;;;;;;;;;1114093.0;2228206.0;4456431.0
10;25;;;;;;;;;;;;;;;;;;2293741.0;4587502.0
10;26;;;;;;;;;;;;;;;;;;;4718573.0
11;0;;;0.0;12.0;37.0;89.0;197.0;421.0;885.0;1845.0;3829.0;7925.0;16373.0;33781.0;69621.0;143349.0;294901.0;606197.0;1245173.0
11;1;;;0.0;13.0;39.0;93.0;205.0;437.0;917.0;1909.0;3957.0;8181.0;16885.0;34805.0;71669.0;147445.0;303093.0;622581.0;1277941.0
11;2;;;0.0;14.0;41.0;97.0;213.0;453.0;949.0;1973.0;4085.0;8437.0;17397.0;35829.0;73717.0;151541.0;311285.0;638965.0;1310709.0
11;3;;;0.0;15.0;44.0;101.0;221.0;469.0;981.0;2037.0;4213.0;8693.0;17909.0;36853.0;75765.0;155637.0;319477.0;655349.0;1343477.0
11;4;;;0.0;16.0;47.0;108.0;229.0;485.0;1013.0;2101.0;4341.0;8949.0;18421.0;37877.0;77813.0;159733.0;327669.0;671733.0;1376245.0
11;5;;;0.0;17.0;50.0;115.0;244.0;501.0;1045.0;2165.0;4469.0;9205.0;18933.0;38901.0;79861.0;163829.0;335861.0;688117.0;1409013.0
11;6;;;0.0;18.0;53.0;122.0;259.0;532.0;1077.0;2229.0;4597.0;9461.0;19445.0;39925.0;81909.0;167925.0;344053.0;704501.0;1441781.0
11;7;;;0.0;19.0;56.0;129.0;274.0;563.0;1140.0;2293.0;4725.0;9717.0;19957.0;40949.0;83957.0;172021.0;352245.0;720885.0;1474549.0
11;8;;;0.0;20.0;59.0;136.0;289.0;594.0;1203.0;2420.0;4853.0;9973.0;20469.0;41973.0;86005.0;176117.0;360437.0;737269.0;1507317.0
11;9;;;0.0;21.0;62.0;143.0;304.0;625.0;1266.0;2547.0;5108.0;10229.0;20981.0;42997.0;88053.0;180213.0;368629.0;753653.0;1540085.0
11;10;;;0.0;22.0;65.0;150.0;319.0;656.0;1329.0;2674.0;5363.0;10740.0;21493.0;44021.0;90101.0;184309.0;376821.0;770037.0;1572853.0
11;11;;;;23.0;68.0;157.0;334.0;687.0;1392.0;2801.0;5618.0;11251.0;22516.0;45045.0;92149.0;188405.0;385013.0;786421.0;1605621.0
11;12;;;;;71.0;164.0;349.0;718.0;1455.0;2928.0;5873.0;11762.0;23539.0;47092.0;94197.0;192501.0;393205.0;802805.0;1638389.0
11;13;;;;;;171.0;364.0;749.0;1518.0;3055.0;6128.0;12273.0;24562.0;49139.0;98292.0;196597.0;401397.0;819189.0;1671157.0
11;14;;;;;;;379.0;780.0;1581.0;3182.0;6383.0;12784.0;25585.0;51186.0;102387.0;204788.0;409589.0;835573.0;1703925.0
11;15;;;;;;;;811.0;1644.0;3309.0;6638.0;13295.0;26608.0;53233.0;106482.0;212979.0;425972.0;851957.0;1736693.0
11;16;;;;;;;;;1707.0;3436.0;6893.0;13806.0;27631.0;55280.0;110577.0;221170.0;442355.0;884724.0;1769461.0
11;17;;;;;;;;;;3563.0;7148.0;14317.0;28654.0;57327.0;114672.0;229361.0;458738.0;917491.0;1834996.0
11;18;;;;;;;;;;;7403.0;14828.0;29677.0;59374.0;118767.0;237552.0;475121.0;950258.0;1900531.0
11;19;;;;;;;;;;;;15339.0;30700.0;61421.0;122862.0;245743.0;491504.0;983025.0;1966066.0
11;20;;;;;;;;;;;;;31723.0;63468.0;126957.0;253934.0;507887.0;1015792.0;2031601.0
11;21;;;;;;;;;;;;;;65515.0;131052.0;262125.0;524270.0;1048559.0;2097136.0
11;22;;;;;;;;;;;;;;;135147.0;270316.0;540653.0;1081326.0;2162671.0
11;23;;;;;;;;;;;;;;;;278507.0;557036.0;1114093.0;2228206.0
11;24;;;;;;;;;;;;;;;;;573419.0;1146860.0;2293741.0
11;25;;;;;;;;;;;;;;;;;;1179627.0;2359276.0
11;26;;;;;;;;;;;;;;;;;;;2424811.0
12;0;;;;0.0;13.0;40.0;96.0;212.0;452.0;948.0;1972.0;4084.0;8436.0;17396.0;35828.0;73716.0;151540.0;311284.0;638964.0
12;1;;;;0.0;14.0;42.0;100.0;220.0;468.0;980.0;2036.0;4212.0;8692.0;17908.0;36852.0;75764.0;155636.0;319476.0;655348.0
12;2;;;;0.0;15.0;44.0;104.0;228.0;484.0;1012.0;2100.0;4340.0;8948.0;18420.0;37876.0;77812.0;159732.0;327668.0;671732.0
12;3;;;;0.0;16.0;47.0;108.0;236.0;500.0;1044.0;2164.0;4468.0;9204.0;18932.0;38900.0;79860.0;163828.0;335860.0;688116.0
12;4;;;;0.0;17.0;50.0;115.0;244.0;516.0;1076.0;2228.0;4596.0;9460.0;19444.0;39924.0;81908.0;167924.0;344052.0;704500.0
12;5;;;;0.0;18.0;53.0;122.0;259.0;532.0;1108.0;2292.0;4724.0;9716.0;19956.0;40948.0;83956.0;172020.0;352244.0;720884.0
12;6;;;;0.0;19.0;56.0;129.0;274.0;563.0;1140.0;2356.0;4852.0;9972.0;20468.0;41972.0;86004.0;176116.0;360436.0;737268.0
12;7;;;;0.0;20.0;59.0;136.0;289.0;594.0;1203.0;2420.0;4980.0;10228.0;20980.0;42996.0;88052.0;180212.0;368628.0;753652.0
12;8;;;;0.0;21.0;62.0;143.0;304.0;625.0;1266.0;2547.0;5108.0;10484.0;21492.0;44020.0;90100.0;184308.0;376820.0;770036.0
12;9;;;;0.0;22.0;65.0;150.0;319.0;656.0;1329.0;2674.0;5363.0;10740.0;22004.0;45044.0;92148.0;188404.0;385012.0;786420.0
12;10;;;;0.0;23.0;68.0;157.0;334.0;687.0;1392.0;2801.0;5618.0;11251.0;22516.0;46068.0;94196.0;192500.0;393204.0;802804.0
12;11;;;;0.0;24.0;71.0;164.0;349.0;718.0;1455.0;2928.0;5873.0;11762.0;23539.0;47092.0;96244.0;196596.0;401396.0;819188.0
12;12;;;;;25.0;74.0;171.0;364.0;749.0;1518.0;3055.0;6128.0;12273.0;24562.0;49139.0;98292.0;200692.0;409588.0;835572.0
12;13;;;;;;77.0;178.0;379.0;780.0;1581.0;3182.0;6383.0;12784.0;25585.0;51186.0;102387.0;204788.0;417780.0;851956.0
12;14;;;;;;;185.0;394.0;811.0;1644.0;3309.0;6638.0;13295.0;26608.0;53233.0;106482.0;212979.0;425972.0;868340.0
12;15;;;;;;;;409.0;842.0;1707.0;3436.0;6893.0;13806.0;27631.0;55280.0;110577.0;221170.0;442355.0;884724.0
12;16;;;;;;;;;873.0;1770.0;3563.0;7148.0;14317.0;28654.0;57327.0;114672.0;229361.0;458738.0;917491.0
12;17;;;;;;;;;;1833.0;3690.0;7403.0;14828.0;29677.0;59374.0;118767.0;237552.0;475121.0;950258.0
12;18;;;;;;;;;;;3817.0;7658.0;15339.0;30700.0;61421.0;122862.0;245743.0;491504.0;983025.0
12;19;;;;;;;;;;;;7913.0;15850.0;31723.0;63468.0;126957.0;253934.0;507887.0;1015792.0
12;20;;;;;;;;;;;;;16361.0;32746.0;65515.0;131052.0;262125.0;524270.0;1048559.0
12;21;;;;;;;;;;;;;;33769.0;67562.0;135147.0;270316.0;540653.0;1081326.0
12;22;;;;;;;;;;;;;;;69609.0;139242.0;278507.0;557036.0;1114093.0
12;23;;;;;;;;;;;;;;;;143337.0;286698.0;573419.0;1146860.0
12;24;;;;;;;;;;;;;;;;;294889.0;589802.0;1179627.0
12;25;;;;;;;;;;;;;;;;;;606185.0;1212394.0
12;26;;;;;;;;;;;;;;;;;;;1245161.0
13;0;;;;;0.0;14.0;43.0;103.0;227.0;483.0;1011.0;2099.0;4339.0;8947.0;18419.0;37875.0;77811.0;159731.0;327667.0
13;1;;;;;0.0;15.0;45.0;107.0;235.0;499.0;1043.0;2163.0;4467.0;9203.0;18931.0;38899.0;79859.0;163827.0;335859.0
13;2;;;;;0.0;16.0;47.0;111.0;243.0;515.0;1075.0;2227.0;4595.0;9459.0;19443.0;39923.0;81907.0;167923.0;344051.0
13;3;;;;;0.0;17.0;50.0;115.0;251.0;531.0;1107.0;2291.0;4723.0;9715.0;19955.0;40947.0;83955.0;172019.0;352243.0
13;4;;;;;0.0;18.0;53.0;122.0;259.0;547.0;1139.0;2355.0;4851.0;9971.0;20467.0;41971.0;86003.0;176115.0;360435.0
13;5;;;;;0.0;19.0;56.0;129.0;274.0;563.0;1171.0;2419.0;4979.0;10227.0;20979.0;42995.0;88051.0;180211.0;368627.0
13;6;;;;;0.0;20.0;59.0;136.0;289.0;594.0;1203.0;2483.0;5107.0;10483.0;21491.0;44019.0;90099.0;184307.0;376819.0
13;7;;;;;0.0;21.0;62.0;143.0;304.0;625.0;1266.0;2547.0;5235.0;10739.0;22003.0;45043.0;92147.0;188403.0;385011.0
13;8;;;;;0.0;22.0;65.0;150.0;319.0;656.0;1329.0;2674.0;5363.0;10995.0;22515.0;46067.0;94195.0;192499.0;393203.0
13;9;;;;;0.0;23.0;68.0;157.0;334.0;687.0;1392.0;2801.0;5618.0;11251.0;23027.0;47091.0;96243.0;196595.0;401395.0
13;10;;;;;0.0;24.0;71.0;164.0;349.0;718.0;1455.0;2928.0;5873.0;11762.0;23539.0;48115.0;98291.0;200691.0;409587.0
13;11;;;;;0.0;25.0;74.0;171.0;364.0;749.0;1518.0;3055.0;6128.0;12273.0;24562.0;49139.0;100339.0;204787.0;417779.0
13;12;;;;;0.0;26.0;77.0;178.0;379.0;780.0;1581.0;3182.0;6383.0;12784.0;25585.0;51186.0;102387.0;208883.0;425971.0
13;13;;;;;;27.0;80.0;185.0;394.0;811.0;1644.0;3309.0;6638.0;13295.0;26608.0;53233.0;106482.0;212979.0;434163.0
13;14;;;;;;;83.0;192.0;409.0;842.0;1707.0;3436.0;6893.0;13806.0;27631.0;55280.0;110577.0;221170.0;442355.0
13;15;;;;;;;;199.0;424.0;873.0;1770.0;3563.0;7148.0;14317.0;28654.0;57327.0;114672.0;229361.0;458738.0
13;16;;;;;;;;;439.0;904.0;1833.0;3690.0;7403.0;14828.0;29677.0;59374.0;118767.0;237552.0;475121.0
13;17;;;;;;;;;;935.0;1896.0;3817.0;7658.0;15339.0;30700.0;61421.0;122862.0;245743.0;491504.0
13;18;;;;;;;;;;;1959.0;3944.0;7913.0;15850.0;31723.0;63468.0;126957.0;253934.0;507887.0
13;19;;;;;;;;;;;;4071.0;8168.0;16361.0;32746.0;65515.0;131052.0;262125.0;524270.0
13;20;;;;;;;;;;;;;8423.0;16872.0;33769.0;67562.0;135147.0;270316.0;540653.0
13;21;;;;;;;;;;;;;;17383.0;34792.0;69609.0;139242.0;278507.0;557036.0
13;22;;;;;;;;;;;;;;;35815.0;71656.0;143337.0;286698.0;573419.0
13;23;;;;;;;;;;;;;;;;73703.0;147432.0;294889.0;589802.0
13;24;;;;;;;;;;;;;;;;;151527.0;303080.0;606185.0
13;25;;;;;;;;;;;;;;;;;;311271.0;622568.0
13;26;;;;;;;;;;;;;;;;;;;638951.0
14;0;;;;;;0.0;15.0;46.0;110.0;242.0;514.0;1074.0;2226.0;4594.0;9458.0;19442.0;39922.0;81906.0;167922.0
14;1;;;;;;0.0;16.0;48.0;114.0;250.0;530.0;1106.0;2290.0;4722.0;9714.0;19954.0;40946.0;83954.0;172018.0
14;2;;;;;;0.0;17.0;50.0;118.0;258.0;546.0;1138.0;2354.0;4850.0;9970.0;20466.0;41970.0;86002.0;176114.0
14;3;;;;;;0.0;18.0;53.0;122.0;266.0;562.0;1170.0;2418.0;4978.0;10226.0;20978.0;42994.0;88050.0;180210.0
14;4;;;;;;0.0;19.0;56.0;129.0;274.0;578.0;1202.0;2482.0;5106.0;10482.0;21490.0;44018.0;90098.0;184306.0
14;5;;;;;;0.0;20.0;59.0;136.0;289.0;594.0;1234.0;2546.0;5234.0;10738.0;22002.0;45042.0;92146.0;188402.0
14;6;;;;;;0.0;21.0;62.0;143.0;304.0;625.0;1266.0;2610.0;5362.0;10994.0;22514.0;46066.0;94194.0;192498.0
14;7;;;;;;0.0;22.0;65.0;150.0;319.0;656.0;1329.0;2674.0;5490.0;11250.0;23026.0;47090.0;96242.0;196594.0
14;8;;;;;;0.0;23.0;68.0;157.0;334.0;687.0;1392.0;2801.0;5618.0;11506.0;23538.0;48114.0;98290.0;200690.0
14;9;;;;;;0.0;24.0;71.0;164.0;349.0;718.0;1455.0;2928.0;5873.0;11762.0;24050.0;49138.0;100338.0;204786.0
14;10;;;;;;0.0;25.0;74.0;171.0;364.0;749.0;1518.0;3055.0;6128.0;12273.0;24562.0;50162.0;102386.0;208882.0
14;11;;;;;;0.0;26.0;77.0;178.0;379.0;780.0;1581.0;3182.0;6383.0;12784.0;25585.0;51186.0;104434.0;212978.0
14;12;;;;;;0.0;27.0;80.0;185.0;394.0;811.0;1644.0;3309.0;6638.0;13295.0;26608.0;53233.0;106482.0;217074.0
14;13;;;;;;0.0;28.0;83.0;192.0;409.0;842.0;1707.0;3436.0;6893.0;13806.0;27631.0;55280.0;110577.0;221170.0
14;14;;;;;;;29.0;86.0;199.0;424.0;873.0;1770.0;3563.0;7148.0;14317.0;28654.0;57327.0;114672.0;229361.0
14;15;;;;;;;;89.0;206.0;439.0;904.0;1833.0;3690.0;7403.0;14828.0;29677.0;59374.0;118767.0;237552.0
14;16;;;;;;;;;213.0;454.0;935.0;1896.0;3817.0;7658.0;15339.0;30700.0;61421.0;122862.0;245743.0
14;17;;;;;;;;;;469.0;966.0;1959.0;3944.0;7913.0;15850.0;31723.0;63468.0;126957.0;253934.0
14;18;;;;;;;;;;;997.0;2022.0;4071.0;8168.0;16361.0;32746.0;65515.0;131052.0;262125.0
14;19;;;;;;;;;;;;2085.0;4198.0;8423.0;16872.0;33769.0;67562.0;135147.0;270316.0
14;20;;;;;;;;;;;;;4325.0;8678.0;17383.0;34792.0;69609.0;139242.0;278507.0
14;21;;;;;;;;;;;;;;8933.0;17894.0;35815.0;71656.0;143337.0;286698.0
14;22;;;;;;;;;;;;;;;18405.0;36838.0;73703.0;147432.0;294889.0
14;23;;;;;;;;;;;;;;;;37861.0;75750.0;151527.0;303080.0
14;24;;;;;;;;;;;;;;;;;77797.0;155622.0;311271.0
14;25;;;;;;;;;;;;;;;;;;159717.0;319462.0
14;26;;;;;;;;;;;;;;;;;;;327653.0
15;0;;;;;;;0.0;16.0;49.0;117.0;257.0;545.0;1137.0;2353.0;4849.0;9969.0;20465.0;41969.0;86001.0
15;1;;;;;;;0.0;17.0;51.0;121.0;265.0;561.0;1169.0;2417.0;4977.0;10225.0;20977.0;42993.0;88049.0
15;2;;;;;;;0.0;18.0;53.0;125.0;273.0;577.0;1201.0;2481.0;5105.0;10481.0;21489.0;44017.0;90097.0
15;3;;;;;;;0.0;19.0;56.0;129.0;281.0;593.0;1233.0;2545.0;5233.0;10737.0;22001.0;45041.0;92145.0
15;4;;;;;;;0.0;20.0;59.0;136.0;289.0;609.0;1265.0;2609.0;5361.0;10993.0;22513.0;46065.0;94193.0
15;5;;;;;;;0.0;21.0;62.0;143.0;304.0;625.0;1297.0;2673.0;5489.0;11249.0;23025.0;47089.0;96241.0
15;6;;;;;;;0.0;22.0;65.0;150.0;319.0;656.0;1329.0;2737.0;5617.0;11505.0;23537.0;48113.0;98289.0
15;7;;;;;;;0.0;23.0;68.0;157.0;334.0;687.0;1392.0;2801.0;5745.0;11761.0;24049.0;49137.0;100337.0
15;8;;;;;;;0.0;24.0;71.0;164.0;349.0;718.0;1455.0;2928.0;5873.0;12017.0;24561.0;50161.0;102385.0
15;9;;;;;;;0.0;25.0;74.0;171.0;364.0;749.0;1518.0;3055.0;6128.0;12273.0;25073.0;51185.0;104433.0
15;10;;;;;;;0.0;26.0;77.0;178.0;379.0;780.0;1581.0;3182.0;6383.0;12784.0;25585.0;52209.0;106481.0
15;11;;;;;;;0.0;27.0;80.0;185.0;394.0;811.0;1644.0;3309.0;6638.0;13295.0;26608.0;53233.0;108529.0
15;12;;;;;;;0.0;28.0;83.0;192.0;409.0;842.0;1707.0;3436.0;6893.0;13806.0;27631.0;55280.0;110577.0
15;13;;;;;;;0.0;29.0;86.0;199.0;424.0;873.0;1770.0;3563.0;7148.0;14317.0;28654.0;57327.0;114672.0
15;14;;;;;;;0.0;30.0;89.0;206.0;439.0;904.0;1833.0;3690.0;7403.0;14828.0;29677.0;59374.0;118767.0
15;15;;;;;;;;31.0;92.0;213.0;454.0;935.0;1896.0;3817.0;7658.0;15339.0;30700.0;61421.0;122862.0
15;16;;;;;;;;;95.0;220.0;469.0;966.0;1959.0;3944.0;7913.0;15850.0;31723.0;63468.0;126957.0
15;17;;;;;;;;;;227.0;484.0;997.0;2022.0;4071.0;8168.0;16361.0;32746.0;65515.0;131052.0
15;18;;;;;;;;;;;499.0;1028.0;2085.0;4198.0;8423.0;16872.0;33769.0;67562.0;135147.0
15;19;;;;;;;;;;;;1059.0;2148.0;4325.0;8678.0;17383.0;34792.0;69609.0;139242.0
15;20;;;;;;;;;;;;;2211.0;4452.0;8933.0;17894.0;35815.0;71656.0;143337.0
15;21;;;;;;;;;;;;;;4579.0;9188.0;18405.0;36838.0;73703.0;147432.0
15;22;;;;;;;;;;;;;;;9443.0;18916.0;37861.0;75750.0;151527.0
15;23;;;;;;;;;;;;;;;;19427.0;38884.0;77797.0;155622.0
15;24;;;;;;;;;;;;;;;;;39907.0;79844.0;159717.0
15;25;;;;;;;;;;;;;;;;;;81891.0;163812.0
15;26;;;;;;;;;;;;;;;;;;;167907.0
16;0;;;;;;;;0.0;17.0;52.0;124.0;272.0;576.0;1200.0;2480.0;5104.0;10480.0;21488.0;44016.0
16;1;;;;;;;;0.0;18.0;54.0;128.0;280.0;592.0;1232.0;2544.0;5232.0;10736.0;22000.0;45040.0
16;2;;;;;;;;0.0;19.0;56.0;132.0;288.0;608.0;1264.0;2608.0;5360.0;10992.0;22512.0;46064.0
16;3;;;;;;;;0.0;20.0;59.0;136.0;296.0;624.0;1296.0;2672.0;5488.0;11248.0;23024.0;47088.0
16;4;;;;;;;;0.0;21.0;62.0;143.0;304.0;640.0;1328.0;2736.0;5616.0;11504.0;23536.0;48112.0
16;5;;;;;;;;0.0;22.0;65.0;150.0;319.0;656.0;1360.0;2800.0;5744.0;11760.0;24048.0;49136.0
16;6;;;;;;;;0.0;23.0;68.0;157.0;334.0;687.0;1392.0;2864.0;5872.0;12016.0;24560.0;50160.0
16;7;;;;;;;;0.0;24.0;71.0;164.0;349.0;718.0;1455.0;2928.0;6000.0;12272.0;25072.0;51184.0
16;8;;;;;;;;0.0;25.0;74.0;171.0;364.0;749.0;1518.0;3055.0;6128.0;12528.0;25584.0;52208.0
16;9;;;;;;;;0.0;26.0;77.0;178.0;379.0;780.0;1581.0;3182.0;6383.0;12784.0;26096.0;53232.0
16;10;;;;;;;;0.0;27.0;80.0;185.0;394.0;811.0;1644.0;3309.0;6638.0;13295.0;26608.0;54256.0
16;11;;;;;;;;0.0;28.0;83.0;192.0;409.0;842.0;1707.0;3436.0;6893.0;13806.0;27631.0;55280.0
16;12;;;;;;;;0.0;29.0;86.0;199.0;424.0;873.0;1770.0;3563.0;7148.0;14317.0;28654.0;57327.0
16;13;;;;;;;;0.0;30.0;89.0;206.0;439.0;904.0;1833.0;3690.0;7403.0;14828.0;29677.0;59374.0
16;14;;;;;;;;0.0;31.0;92.0;213.0;454.0;935.0;1896.0;3817.0;7658.0;15339.0;30700.0;61421.0
16;15;;;;;;;;0.0;32.0;95.0;220.0;469.0;966.0;1959.0;3944.0;7913.0;15850.0;31723.0;63468.0
16;16;;;;;;;;;33.0;98.0;227.0;484.0;997.0;2022.0;4071.0;8168.0;16361.0;32746.0;65515.0
16;17;;;;;;;;;;101.0;234.0;499.0;1028.0;2085.0;4198.0;8423.0;16872.0;33769.0;67562.0
16;18;;;;;;;;;;;241.0;514.0;1059.0;2148.0;4325.0;8678.0;17383.0;34792.0;69609.0
16;19;;;;;;;;;;;;529.0;1090.0;2211.0;4452.0;8933.0;17894.0;35815.0;71656.0
16;20;;;;;;;;;;;;;1121.0;2274.0;4579.0;9188.0;18405.0;36838.0;73703.0
16;21;;;;;;;;;;;;;;2337.0;4706.0;9443.0;18916.0;37861.0;75750.0
16;22;;;;;;;;;;;;;;;4833.0;9698.0;19427.0;38884.0;77797.0
16;23;;;;;;;;;;;;;;;;9953.0;19938.0;39907.0;79844.0
16;24;;;;;;;;;;;;;;;;;20449.0;40930.0;81891.0
16;25;;;;;;;;;;;;;;;;;;41953.0;83938.0
16;26;;;;;;;;;;;;;;;;;;;85985.0
17;0;;;;;;;;;0.0;18.0;55.0;131.0;287.0;607.0;1263.0;2607.0;5359.0;10991.0;22511.0
17;1;;;;;;;;;0.0;19.0;57.0;135.0;295.0;623.0;1295.0;2671.0;5487.0;11247.0;23023.0
17;2;;;;;;;;;0.0;20.0;59.0;139.0;303.0;639.0;1327.0;2735.0;5615.0;11503.0;23535.0
17;3;;;;;;;;;0.0;21.0;62.0;143.0;311.0;655.0;1359.0;2799.0;5743.0;11759.0;24047.0
17;4;;;;;;;;;0.0;22.0;65.0;150.0;319.0;671.0;1391.0;2863.0;5871.0;12015.0;24559.0
17;5;;;;;;;;;0.0;23.0;68.0;157.0;334.0;687.0;1423.0;2927.0;5999.0;12271.0;25071.0
17;6;;;;;;;;;0.0;24.0;71.0;164.0;349.0;718.0;1455.0;2991.0;6127.0;12527.0;25583.0
17;7;;;;;;;;;0.0;25.0;74.0;171.0;364.0;749.0;1518.0;3055.0;6255.0;12783.0;26095.0
17;8;;;;;;;;;0.0;26.0;77.0;178.0;379.0;780.0;1581.0;3182.0;6383.0;13039.0;26607.0
17;9;;;;;;;;;0.0;27.0;80.0;185.0;394.0;811.0;1644.0;3309.0;6638.0;13295.0;27119.0
17;10;;;;;;;;;0.0;28.0;83.0;192.0;409.0;842.0;1707.0;3436.0;6893.0;13806.0;27631.0
17;11;;;;;;;;;0.0;29.0;86.0;199.0;424.0;873.0;1770.0;3563.0;7148.0;14317.0;28654.0
17;12;;;;;;;;;0.0;30.0;89.0;206.0;439.0;904.0;1833.0;3690.0;7403.0;14828.0;29677.0
17;13;;;;;;;;;0.0;31.0;92.0;213.0;454.0;935.0;1896.0;3817.0;7658.0;15339.0;30700.0
17;14;;;;;;;;;0.0;32.0;95.0;220.0;469.0;966.0;1959.0;3944.0;7913.0;15850.0;31723.0
17;15;;;;;;;;;0.0;33.0;98.0;227.0;484.0;997.0;2022.0;4071.0;8168.0;16361.0;32746.0
17;16;;;;;;;;;0.0;34.0;101.0;234.0;499.0;1028.0;2085.0;4198.0;8423.0;16872.0;33769.0
17;17;;;;;;;;;;35.0;104.0;241.0;514.0;1059.0;2148.0;4325.0;8678.0;17383.0;34792.0
17;18;;;;;;;;;;;107.0;248.0;529.0;1090.0;2211.0;4452.0;8933.0;17894.0;35815.0
17;19;;;;;;;;;;;;255.0;544.0;1121.0;2274.0;4579.0;9188.0;18405.0;36838.0
17;20;;;;;;;;;;;;;559.0;1152.0;2337.0;4706.0;9443.0;18916.0;37861.0
17;21;;;;;;;;;;;;;;1183.0;2400.0;4833.0;9698.0;19427.0;38884.0
17;22;;;;;;;;;;;;;;;2463.0;4960.0;9953.0;19938.0;39907.0
17;23;;;;;;;;;;;;;;;;5087.0;10208.0;20449.0;40930.0
17;24;;;;;;;;;;;;;;;;;10463.0;20960.0;41953.0
17;25;;;;;;;;;;;;;;;;;;21471.0;42976.0
17;26;;;;;;;;;;;;;;;;;;;43999.0
18;0;;;;;;;;;;0.0;19.0;58.0;138.0;302.0;638.0;1326.0;2734.0;5614.0;11502.0
18;1;;;;;;;;;;0.0;20.0;60.0;142.0;310.0;654.0;1358.0;2798.0;5742.0;11758.0
18;2;;;;;;;;;;0.0;21.0;62.0;146.0;318.0;670.0;1390.0;2862.0;5870.0;12014.0
18;3;;;;;;;;;;0.0;22.0;65.0;150.0;326.0;686.0;1422.0;2926.0;5998.0;12270.0
18;4;;;;;;;;;;0.0;23.0;68.0;157.0;334.0;702.0;1454.0;2990.0;6126.0;12526.0
18;5;;;;;;;;;;0.0;24.0;71.0;164.0;349.0;718.0;1486.0;3054.0;6254.0;12782.0
18;6;;;;;;;;;;0.0;25.0;74.0;171.0;364.0;749.0;1518.0;3118.0;6382.0;13038.0
18;7;;;;;;;;;;0.0;26.0;77.0;178.0;379.0;780.0;1581.0;3182.0;6510.0;13294.0
18;8;;;;;;;;;;0.0;27.0;80.0;185.0;394.0;811.0;1644.0;3309.0;6638.0;13550.0
18;9;;;;;;;;;;0.0;28.0;83.0;192.0;409.0;842.0;1707.0;3436.0;6893.0;13806.0
18;10;;;;;;;;;;0.0;29.0;86.0;199.0;424.0;873.0;1770.0;3563.0;7148.0;14317.0
18;11;;;;;;;;;;0.0;30.0;89.0;206.0;439.0;904.0;1833.0;3690.0;7403.0;14828.0
18;12;;;;;;;;;;0.0;31.0;92.0;213.0;454.0;935.0;1896.0;3817.0;7658.0;15339.0
18;13;;;;;;;;;;0.0;32.0;95.0;220.0;469.0;966.0;1959.0;3944.0;7913.0;15850.0
18;14;;;;;;;;;;0.0;33.0;98.0;227.0;484.0;997.0;2022.0;4071.0;8168.0;16361.0
18;15;;;;;;;;;;0.0;34.0;101.0;234.0;499.0;1028.0;2085.0;4198.0;8423.0;16872.0
18;16;;;;;;;;;;0.0;35.0;104.0;241.0;514.0;1059.0;2148.0;4325.0;8678.0;17383.0
18;17;;;;;;;;;;0.0;36.0;107.0;248.0;529.0;1090.0;2211.0;4452.0;8933.0;17894.0
18;18;;;;;;;;;;;37.0;110.0;255.0;544.0;1121.0;2274.0;4579.0;9188.0;18405.0
18;19;;;;;;;;;;;;113.0;262.0;559.0;1152.0;2337.0;4706.0;9443.0;18916.0
18;20;;;;;;;;;;;;;269.0;574.0;1183.0;2400.0;4833.0;9698.0;19427.0
18;21;;;;;;;;;;;;;;589.0;1214.0;2463.0;4960.0;9953.0;19938.0
18;22;;;;;;;;;;;;;;;1245.0;2526.0;5087.0;10208.0;20449.0
18;23;;;;;;;;;;;;;;;;2589.0;5214.0;10463.0;20960.0
18;24;;;;;;;;;;;;;;;;;5341.0;10718.0;21471.0
18;25;;;;;;;;;;;;;;;;;;10973.0;21982.0
18;26;;;;;;;;;;;;;;;;;;;22493.0
19;0;;;;;;;;;;;0.0;20.0;61.0;145.0;317.0;669.0;1389.0;2861.0;5869.0
19;1;;;;;;;;;;;0.0;21.0;63.0;149.0;325.0;685.0;1421.0;2925.0;5997.0
19;2;;;;;;;;;;;0.0;22.0;65.0;153.0;333.0;701.0;1453.0;2989.0;6125.0
19;3;;;;;;;;;;;0.0;23.0;68.0;157.0;341.0;717.0;1485.0;3053.0;6253.0
19;4;;;;;;;;;;;0.0;24.0;71.0;164.0;349.0;733.0;1517.0;3117.0;6381.0
19;5;;;;;;;;;;;0.0;25.0;74.0;171.0;364.0;749.0;1549.0;3181.0;6509.0
19;6;;;;;;;;;;;0.0;26.0;77.0;178.0;379.0;780.0;1581.0;3245.0;6637.0
19;7;;;;;;;;;;;0.0;27.0;80.0;185.0;394.0;811.0;1644.0;3309.0;6765.0
19;8;;;;;;;;;;;0.0;28.0;83.0;192.0;409.0;842.0;1707.0;3436.0;6893.0
19;9;;;;;;;;;;;0.0;29.0;86.0;199.0;424.0;873.0;1770.0;3563.0;7148.0
19;10;;;;;;;;;;;0.0;30.0;89.0;206.0;439.0;904.0;1833.0;3690.0;7403.0
19;11;;;;;;;;;;;0.0;31.0;92.0;213.0;454.0;935.0;1896.0;3817.0;7658.0
19;12;;;;;;;;;;;0.0;32.0;95.0;220.0;469.0;966.0;1959.0;3944.0;7913.0
19;13;;;;;;;;;;;0.0;33.0;98.0;227.0;484.0;997.0;2022.0;4071.0;8168.0
19;14;;;;;;;;;;;0.0;34.0;101.0;234.0;499.0;1028.0;2085.0;4198.0;8423.0
19;15;;;;;;;;;;;0.0;35.0;104.0;241.0;514.0;1059.0;2148.0;4325.0;8678.0
19;16;;;;;;;;;;;0.0;36.0;107.0;248.0;529.0;1090.0;2211.0;4452.0;8933.0
19;17;;;;;;;;;;;0.0;37.0;110.0;255.0;544.0;1121.0;2274.0;4579.0;9188.0
19;18;;;;;;;;;;;0.0;38.0;113.0;262.0;559.0;1152.0;2337.0;4706.0;9443.0
19;19;;;;;;;;;;;;39.0;116.0;269.0;574.0;1183.0;2400.0;4833.0;9698.0
19;20;;;;;;;;;;;;;119.0;276.0;589.0;1214.0;2463.0;4960.0;9953.0
19;21;;;;;;;;;;;;;;283.0;604.0;1245.0;2526.0;5087.0;10208.0
19;22;;;;;;;;;;;;;;;619.0;1276.0;2589.0;5214.0;10463.0
19;23;;;;;;;;;;;;;;;;1307.0;2652.0;5341.0;10718.0
19;24;;;;;;;;;;;;;;;;;2715.0;5468.0;10973.0
19;25;;;;;;;;;;;;;;;;;;5595.0;11228.0
19;26;;;;;;;;;;;;;;;;;;;11483.0